gym_id,name,username,address,phone
<<<<<<< Updated upstream
<<<<<<< Updated upstream
1,"Mclaughlin, Ramos and Alvarez",sharon52,"363 Ryan Turnpike
Lake Paula, WV 75337",3962366649
2,Ritter LLC,floresandrew,"9751 Kimberly View Suite 487
Smithmouth, TX 67029",381.507.2627
3,"Kline, Bailey and Lopez",mark61,"704 Rice Lakes Suite 947
Rhodeschester, FL 49278",982-578-9066
=======
1,"Armstrong, Clark and Herrera",iguerra,"Unit 2644 Box 7464
DPO AE 56873",(609)743-8233x9877
2,Mullins and Sons,flemingmisty,"622 Gonzalez Street
Christyside, MI 54044",736-938-9369
3,Hanna Group,hicksamanda,"02874 French Parkways
West Stephen, CO 62500",+1-900-477-8078
>>>>>>> Stashed changes
=======
1,Flowers-Ross,cboyd,"Unit 0781 Box 4434
DPO AA 72710",(699)867-7358
2,Hartman-Lyons,samantha93,"194 Thompson Courts Suite 987
South Laurahaven, MP 11380",001-635-641-3272x856
3,Lee-Moore,qchavez,"2410 Hunt Bridge Apt. 798
Ricardohaven, AR 10751",4898739235
>>>>>>> Stashed changes
